<?xml version="1.0" encoding="UTF-8" standalone="no"?>
<BlockMap xmlns="http://schemas.microsoft.com/appx/2010/blockmap" xmlns:b4="http://schemas.microsoft.com/appx/2021/blockmap" IgnorableNamespaces="b4" HashMethod="http://www.w3.org/2001/04/xmlenc#sha256"><File Name="AppInstaller.exe" Size="2416640" LfhSize="46"><Block Hash="PNzO1qCB1BHv32tTVTwx7zL+QbdaN9VbE/A4qCyGsJs=" Size="24188"/><Block Hash="NXPs7s6l0AvAGNZaLtBGqP+cJMbS7Y1ce+TkO0k3mqI=" Size="30250"/><Block Hash="R4qABesug4dkW9TDzdTpjRnLDerqn4WXz+MD9o8f3jk=" Size="26811"/><Block Hash="1ibquPp3dIxHY2wL0+mZ9BoFvMJbTLaesMc2WtDRzCU=" Size="32171"/><Block Hash="GCsjvL27D8gK7vrJKeDk2Ob+xMpSDRcZza9cV333T+4=" Size="31263"/><Block Hash="rC9OS7c0AJgvtIHFZ5oYgV6aOV53hiwUFdLAHD7ht5g=" Size="24919"/><Block Hash="E3CYzhPxvS/MbiE9BOC/tBhGLhz1yz6SiqKq0V6gTHI=" Size="28183"/><Block Hash="6GiO4RTBWU3bbfD3zZP2ZTi8TM0K9ePsY4UVpymGIH0=" Size="33932"/><Block Hash="QZREpd3fQ+ZkWJB9Ei6oNw2FF2551sCSmoxBhotpyok=" Size="25947"/><Block Hash="fit2AjAp+/rrWT8hQuZNwTKB3ya9BKhEPnQ2ZlysNLo=" Size="31940"/><Block Hash="nmU9viSOl3cGBzc2VgkQyhoglDfLrPu+FmalRnGkots=" Size="28562"/><Block Hash="dd1D15Qqez8I3Oh7msrAOMgROS2z5XVC50a2hpSqTjM=" Size="29459"/><Block Hash="+XqgBufwm2t6LKqfFUtvNfVf+j8m0GufxksvjYnSsoU=" Size="30043"/><Block Hash="AIxlw6/zyjAxa3R1E+MdHW194/91g04c8dShGxJUzxo=" Size="27430"/><Block Hash="U9wJAuJnsgFi+VNVJCtqw3rnYZTfwIeiOpD+i+wHUoM=" Size="25782"/><Block Hash="GfolebvWJl338mr1xcDQKGSyHVBactkhvTdNPZf46Uk=" Size="20648"/><Block Hash="o71wI3sk0kyCRG4fF/9xXosBjiHaKmIUDRIlcnweKUo=" Size="20039"/><Block Hash="zTA6CALdi94RxrhwgkhgKDOlSgd6ckpMGnilokGFZqo=" Size="20072"/><Block Hash="o70jkssEei2esR2Ya4LR78gwlCUIhYFGh9CVYKh/bWI=" Size="19732"/><Block Hash="alhC8vkw7brJB2xcZZFTu2pY2TNrnZtgdV4Pq2jjxIM=" Size="17424"/><Block Hash="9R7GcDY6if8ghuF2SOsq3d1mhzxBAcBdLW+TFUZ7mUI=" Size="20565"/><Block Hash="C6FmH/Zdc04JWwReZI2qXaDPOX8LaqRogI24icl7BhM=" Size="22875"/><Block Hash="d89qVISuLXKp9CAiyKvTa6aQcey//7AyP1splfdkKY8=" Size="20396"/><Block Hash="g+F5VqLiBUv+FpjjgO6n9ltZQPC6S0M3d3Z9Hdx2gfc=" Size="21892"/><Block Hash="WE7UT4f1l4F5HeU1Ql55R8FERCStiY4kAzZIp+cqjbU=" Size="16631"/><Block Hash="DYBwAmm7WtRuYkcYJ2+g7CTJtR4F7DZBJIqffhthWl4=" Size="13397"/><Block Hash="DCmGxVB2918eZbgVdC3+2cPSAmhKyc2fhPxnBPiPHKw=" Size="9602"/><Block Hash="lGOx1MKKMdnHvYgqO3cf1V8auW+62yVQ0abXo8uBVwA=" Size="9606"/><Block Hash="zEvcNjAdhHFB+aBhmla1Yp+vbe6v4KiWfD8Q/AzqcA8=" Size="10872"/><Block Hash="bfOCVsvxx4rsYbdZ5IAza7UHEpwpqKCf/DyVoSDeklM=" Size="33549"/><Block Hash="2wOlElF8VZV67j7SEnDa9sxYRB2cSjM9tS+DWp3DMP4=" Size="27011"/><Block Hash="aSq1NyWjrGTaUNsDbF5wwsihx/ZsgQw1LHNb8GWyunw=" Size="5455"/><Block Hash="tBy2nt8u6SHM2Dtl/1Dd6MleggRBpPQS0F/vSjhh8s0=" Size="4540"/><Block Hash="4yScDbrLUVsKFEFLnjVpI80ZBi9flJHsN+dpoZLoQx0=" Size="4104"/><Block Hash="kQddLK/i00oCabeK5hTypRVuxthFp5/zTNROg4sRcus=" Size="5001"/><Block Hash="aJHZ9aze6MWgrQV0JsoC86U23I5bbo7aVLoR7h7sCCs=" Size="13162"/><Block Hash="LKW1Hbi3Vxo6RikLZTcqWN3ahTdwUqoeYyRXZQdV3/4=" Size="24114"/><b4:FileHash Hash="3IMlcTRnhWb+UPxtQqyaJ4YqWpJA5bH7dsXuvpoliZU="/></File><File Name="AppInstaller.sccd" Size="15058" LfhSize="47"><Block Hash="FxBV3Waiwr65vrBqYVCF6ee38RDfmTS3x4bw7WCawSQ=" Size="8652"/></File><File Name="AppInstaller.winmd" Size="7680" LfhSize="48"><Block Hash="E4Rq3EB+bbSGtcF7TixCR7kL7Ia8Pm3iG6712xtPI2I=" Size="2918"/></File><File Name="AppInstallerBackgroundTasks.dll" Size="109568" LfhSize="61"><Block Hash="Ju2nS6Gn4mknaYfRhPckCJsEco+TDCSeSQr7czIfOJM=" Size="29116"/><Block Hash="XpTZJ63cEAhs1wKdYRDn6RMx9aGTxr/RPa6dI6vaSbA=" Size="12199"/><b4:FileHash Hash="pxI+LAi4K/bjnhhG9wNsa+isjWTRL1If4yzTlMTpC60="/></File><File Name="AppInstallerBackgroundTasks.winmd" Size="2560" LfhSize="63"><Block Hash="xmd7akxndUmxrjKEVZLQ2veOMRNXU+ucUkgILTrYBNI=" Size="895"/></File><File Name="AppInstallerFullTrustAppServiceClient.exe" Size="237568" LfhSize="71"><Block Hash="KWRBcDTqG23rXq2GppSUKR7HUes9vI9gvolrzCslXEI=" Size="30685"/><Block Hash="1IJsKfy8fUsbm8N1YGRAg9VZP8QKc9I9jFQhSY04aZY=" Size="25721"/><Block Hash="ooFYcI0KPPk5uFPGokB0kxir7wrslL+vGeuy7tKyjR8=" Size="12918"/><Block Hash="6H2SvuHx6vMnszKf9UAGbSgQvNbPGXA0Mfd3cw1SVVY=" Size="6006"/><b4:FileHash Hash="k8mfx13lXZlxiq10ycurjuEa979UjGIioQLpCXsLgsg="/></File><File Name="AppInstallerPythonRedirector.exe" Size="278528" LfhSize="62"><Block Hash="iAUiG+XaQvU+9ni1et5vrjMzVFCp6nKZwHMyJx5JUiw=" Size="31175"/><Block Hash="qNtBZmswsN3+g4jTn/+9SDW8GZz3MwmmvDI3cOYUiqc=" Size="29124"/><Block Hash="sF1t4ujFrr0Zm6LoP+1mZV5T7fbde92fOBkmlei3y2o=" Size="29304"/><Block Hash="yf2dyZFv9TgpElQ6lqxLxeVWaKeB1hHVm4X5iJ8Lu40=" Size="38502"/><Block Hash="2oxybd/eGqSo2CnpNIi8LI4wgeR+ISDnta273cm6d9o=" Size="4890"/><b4:FileHash Hash="V8wGMOImHN4DyN6UnGT4RTQPWAct/r5eJmeyQurcwBM="/></File><File Name="Assets\AppPackageAppList.scale-200.png" Size="467" LfhSize="68"><Block Hash="7i8xkh0Al1rx/cTVjEV5EJDkuqM2Z+A2LJu5c6j7zN4="/></File><File Name="Assets\256x256.png" Size="8615" LfhSize="48"><Block Hash="5kAXOjfaoBYxYxl6Wd3VuE/lpGu9tt/ug90P463M64E="/></File><File Name="Assets\AppPackageAppList.targetsize-16.png" Size="185" LfhSize="72"><Block Hash="HR++j/OaaOAkHcUrzLAs5TJEaafIAYUGDV2CqOsvMk4="/></File><File Name="Assets\AppPackageAppList.targetsize-16_altform-unplated.png" Size="185" LfhSize="89"><Block Hash="HR++j/OaaOAkHcUrzLAs5TJEaafIAYUGDV2CqOsvMk4="/></File><File Name="Assets\AppPackageAppList.targetsize-20.png" Size="215" LfhSize="72"><Block Hash="pO9UmnYaIe29VRJHRVGjAxTN26jtT9NI4r26hca7cQE="/></File><File Name="Assets\AppPackageAppList.targetsize-20_altform-unplated.png" Size="215" LfhSize="89"><Block Hash="pO9UmnYaIe29VRJHRVGjAxTN26jtT9NI4r26hca7cQE="/></File><File Name="Assets\AppPackageAppList.targetsize-24.png" Size="227" LfhSize="72"><Block Hash="sadRuj8MfGMarraJEW9GnUcY3iekobWrAQzSiUGMQjc="/></File><File Name="Assets\AppPackageAppList.targetsize-256.png" Size="1684" LfhSize="73"><Block Hash="ZPPUVoAhpaVDpga8YLy57ifOGd993f1aJwRZ5MW+RlI="/></File><File Name="Assets\AppPackageAppList.targetsize-24_altform-unplated.png" Size="227" LfhSize="89"><Block Hash="sadRuj8MfGMarraJEW9GnUcY3iekobWrAQzSiUGMQjc="/></File><File Name="Assets\AppPackageAppList.targetsize-30.png" Size="271" LfhSize="72"><Block Hash="veb5ZwXifuaV6AmHds6SX+NRmIusCYT1rutsYMIPwL4="/></File><File Name="Assets\AppPackageAppList.targetsize-256_altform-unplated.png" Size="1684" LfhSize="90"><Block Hash="ZPPUVoAhpaVDpga8YLy57ifOGd993f1aJwRZ5MW+RlI="/></File><File Name="Assets\AppPackageAppList.targetsize-30_altform-unplated.png" Size="271" LfhSize="89"><Block Hash="veb5ZwXifuaV6AmHds6SX+NRmIusCYT1rutsYMIPwL4="/></File><File Name="Assets\AppPackageAppList.targetsize-32.png" Size="276" LfhSize="72"><Block Hash="QefD0JsJ+l0EiIvQvI8qKz3pMf+CZfwK7rpt8YWJeXE="/></File><File Name="Assets\AppPackageAppList.targetsize-32_altform-unplated.png" Size="276" LfhSize="89"><Block Hash="QefD0JsJ+l0EiIvQvI8qKz3pMf+CZfwK7rpt8YWJeXE="/></File><File Name="Assets\AppPackageAppList.targetsize-36_altform-unplated.png" Size="302" LfhSize="89"><Block Hash="W6zksYGnGt078+mbv0TvyYAOShkAXkWvd2dq9SEUr8Q="/></File><File Name="Assets\AppPackageAppList.targetsize-36.png" Size="302" LfhSize="72"><Block Hash="W6zksYGnGt078+mbv0TvyYAOShkAXkWvd2dq9SEUr8Q="/></File><File Name="Assets\AppPackageAppList.targetsize-40.png" Size="326" LfhSize="72"><Block Hash="9E/KGKQCB5fLZy27tQBd73r3EQe2ASbgb7FOKTmUz38="/></File><File Name="Assets\AppPackageAppList.targetsize-40_altform-unplated.png" Size="326" LfhSize="89"><Block Hash="9E/KGKQCB5fLZy27tQBd73r3EQe2ASbgb7FOKTmUz38="/></File><File Name="Assets\AppPackageAppList.targetsize-48.png" Size="368" LfhSize="72"><Block Hash="+yEcoWcl9kD8LnRUME8sTaNO2zSD0wZeqMCHWIKLqec="/></File><File Name="Assets\AppPackageAppList.targetsize-48_altform-unplated.png" Size="368" LfhSize="89"><Block Hash="+yEcoWcl9kD8LnRUME8sTaNO2zSD0wZeqMCHWIKLqec="/></File><File Name="Assets\AppPackageAppList.targetsize-60.png" Size="436" LfhSize="72"><Block Hash="WeNY2yR6oR5ASbmnr3XsF049iGaPF2SH0GVfZdI5oPc="/></File><File Name="Assets\AppPackageAppList.targetsize-64.png" Size="412" LfhSize="72"><Block Hash="qJbU1f2nvrEsxQuqdPL9rVok7b0/+RCF+ExhujKRIEw="/></File><File Name="Assets\AppPackageAppList.targetsize-60_altform-unplated.png" Size="436" LfhSize="89"><Block Hash="WeNY2yR6oR5ASbmnr3XsF049iGaPF2SH0GVfZdI5oPc="/></File><File Name="Assets\AppPackageAppList.targetsize-64_altform-unplated.png" Size="412" LfhSize="89"><Block Hash="qJbU1f2nvrEsxQuqdPL9rVok7b0/+RCF+ExhujKRIEw="/></File><File Name="Assets\AppPackageAppList.targetsize-72.png" Size="486" LfhSize="72"><Block Hash="VTnCVowymQWabj+o90weFU6/ZGjeN6Q9f8LCaByHdhE="/></File><File Name="Assets\AppPackageAppList.targetsize-80.png" Size="505" LfhSize="72"><Block Hash="fpvrVHixcSCKdtt3wHBRJgHRE3ftc3J59k4KP46jjsM="/></File><File Name="Assets\AppPackageAppList.targetsize-72_altform-unplated.png" Size="486" LfhSize="89"><Block Hash="VTnCVowymQWabj+o90weFU6/ZGjeN6Q9f8LCaByHdhE="/></File><File Name="Assets\AppPackageAppList.targetsize-80_altform-unplated.png" Size="505" LfhSize="89"><Block Hash="fpvrVHixcSCKdtt3wHBRJgHRE3ftc3J59k4KP46jjsM="/></File><File Name="Assets\AppPackageAppList.targetsize-96.png" Size="663" LfhSize="72"><Block Hash="tfeyDKMrEkkb62Co9vYTc1FYamlWdwoVObgUJ7LPQrM="/></File><File Name="Assets\AppPackageAppList.targetsize-96_altform-unplated.png" Size="663" LfhSize="89"><Block Hash="tfeyDKMrEkkb62Co9vYTc1FYamlWdwoVObgUJ7LPQrM="/></File><File Name="Assets\AppPackageBadgeLogo.scale-200.png" Size="368" LfhSize="70"><Block Hash="+yEcoWcl9kD8LnRUME8sTaNO2zSD0wZeqMCHWIKLqec="/></File><File Name="Assets\AppPackageLargeTile.scale-200.png" Size="2522" LfhSize="70"><Block Hash="JYHWJYQZ2T5SvTCiLeQAsh0g99hsj/DFlX4drNjcujU="/></File><File Name="Assets\AppPackageMedTile.scale-200.png" Size="1113" LfhSize="68"><Block Hash="0YyrGFIysOVrVhw1a38uAwBD4xxOPs0UUrwB1nxeTHo="/></File><File Name="Assets\AppPackageSmallTile.scale-200.png" Size="636" LfhSize="70"><Block Hash="OZUofihxnlSM/ZRLk5W1D10/UOeKPg3hcQctWNUIi8I="/></File><File Name="Assets\AppPackageSplashScreen.scale-200.png" Size="3246" LfhSize="73"><Block Hash="gxwqL43wEN688Zb+lg2OSs53h8hbP2C5kl7HsWIK3vQ="/></File><File Name="Assets\AppPackageStoreLogo.scale-200.png" Size="494" LfhSize="70"><Block Hash="5cUJcGhUfqKMqydVnrUO0ASeNSE3Z8a4PL7vdBFUtw4="/></File><File Name="Assets\AppPackageWideTile.scale-200.png" Size="1330" LfhSize="69"><Block Hash="tHSojnxx3Ja8zDFr7yGRwakQXkmvF1ijH4QfHnsuCKU="/></File><File Name="Assets\CertOriginTrusted.png" Size="23834" LfhSize="58"><Block Hash="yNklD3bTMOutWPU1MSglf29gdBBAxgrk9ySNFPDRVIg="/></File><File Name="Assets\CertOriginUntrusted.png" Size="20891" LfhSize="60"><Block Hash="fADdR1NAYKcdoFI2MIF6a8otuXLL8bZOcaqkxY+zuLA="/></File><File Name="Assets\contrast-black\AppPackageAppList.scale-200_contrast-black.png" Size="467" LfhSize="98"><Block Hash="7i8xkh0Al1rx/cTVjEV5EJDkuqM2Z+A2LJu5c6j7zN4="/></File><File Name="Assets\contrast-black\AppPackageAppList.targetsize-16_altform-unplated_contrast-black.png" Size="185" LfhSize="119"><Block Hash="HR++j/OaaOAkHcUrzLAs5TJEaafIAYUGDV2CqOsvMk4="/></File><File Name="Assets\contrast-black\AppPackageAppList.targetsize-16_contrast-black.png" Size="185" LfhSize="102"><Block Hash="HR++j/OaaOAkHcUrzLAs5TJEaafIAYUGDV2CqOsvMk4="/></File><File Name="Assets\contrast-black\AppPackageAppList.targetsize-20_altform-unplated_contrast-black.png" Size="215" LfhSize="119"><Block Hash="pO9UmnYaIe29VRJHRVGjAxTN26jtT9NI4r26hca7cQE="/></File><File Name="Assets\contrast-black\AppPackageAppList.targetsize-20_contrast-black.png" Size="215" LfhSize="102"><Block Hash="pO9UmnYaIe29VRJHRVGjAxTN26jtT9NI4r26hca7cQE="/></File><File Name="Assets\contrast-black\AppPackageAppList.targetsize-24_altform-unplated_contrast-black.png" Size="227" LfhSize="119"><Block Hash="sadRuj8MfGMarraJEW9GnUcY3iekobWrAQzSiUGMQjc="/></File><File Name="Assets\contrast-black\AppPackageAppList.targetsize-24_contrast-black.png" Size="227" LfhSize="102"><Block Hash="sadRuj8MfGMarraJEW9GnUcY3iekobWrAQzSiUGMQjc="/></File><File Name="Assets\contrast-black\AppPackageAppList.targetsize-256_altform-unplated_contrast-black.png" Size="1684" LfhSize="120"><Block Hash="ZPPUVoAhpaVDpga8YLy57ifOGd993f1aJwRZ5MW+RlI="/></File><File Name="Assets\contrast-black\AppPackageAppList.targetsize-256_contrast-black.png" Size="1684" LfhSize="103"><Block Hash="ZPPUVoAhpaVDpga8YLy57ifOGd993f1aJwRZ5MW+RlI="/></File><File Name="Assets\contrast-black\AppPackageAppList.targetsize-30_altform-unplated_contrast-black.png" Size="271" LfhSize="119"><Block Hash="veb5ZwXifuaV6AmHds6SX+NRmIusCYT1rutsYMIPwL4="/></File><File Name="Assets\contrast-black\AppPackageAppList.targetsize-30_contrast-black.png" Size="271" LfhSize="102"><Block Hash="veb5ZwXifuaV6AmHds6SX+NRmIusCYT1rutsYMIPwL4="/></File><File Name="Assets\contrast-black\AppPackageAppList.targetsize-32_altform-unplated_contrast-black.png" Size="276" LfhSize="119"><Block Hash="QefD0JsJ+l0EiIvQvI8qKz3pMf+CZfwK7rpt8YWJeXE="/></File><File Name="Assets\contrast-black\AppPackageAppList.targetsize-32_contrast-black.png" Size="276" LfhSize="102"><Block Hash="QefD0JsJ+l0EiIvQvI8qKz3pMf+CZfwK7rpt8YWJeXE="/></File><File Name="Assets\contrast-black\AppPackageAppList.targetsize-36_contrast-black.png" Size="302" LfhSize="102"><Block Hash="W6zksYGnGt078+mbv0TvyYAOShkAXkWvd2dq9SEUr8Q="/></File><File Name="Assets\contrast-black\AppPackageAppList.targetsize-36_altform-unplated_contrast-black.png" Size="302" LfhSize="119"><Block Hash="W6zksYGnGt078+mbv0TvyYAOShkAXkWvd2dq9SEUr8Q="/></File><File Name="Assets\contrast-black\AppPackageAppList.targetsize-40_altform-unplated_contrast-black.png" Size="326" LfhSize="119"><Block Hash="9E/KGKQCB5fLZy27tQBd73r3EQe2ASbgb7FOKTmUz38="/></File><File Name="Assets\contrast-black\AppPackageAppList.targetsize-48_altform-unplated_contrast-black.png" Size="368" LfhSize="119"><Block Hash="+yEcoWcl9kD8LnRUME8sTaNO2zSD0wZeqMCHWIKLqec="/></File><File Name="Assets\contrast-black\AppPackageAppList.targetsize-40_contrast-black.png" Size="326" LfhSize="102"><Block Hash="9E/KGKQCB5fLZy27tQBd73r3EQe2ASbgb7FOKTmUz38="/></File><File Name="Assets\contrast-black\AppPackageAppList.targetsize-48_contrast-black.png" Size="368" LfhSize="102"><Block Hash="+yEcoWcl9kD8LnRUME8sTaNO2zSD0wZeqMCHWIKLqec="/></File><File Name="Assets\contrast-black\AppPackageAppList.targetsize-60_altform-unplated_contrast-black.png" Size="436" LfhSize="119"><Block Hash="WeNY2yR6oR5ASbmnr3XsF049iGaPF2SH0GVfZdI5oPc="/></File><File Name="Assets\contrast-black\AppPackageAppList.targetsize-60_contrast-black.png" Size="436" LfhSize="102"><Block Hash="WeNY2yR6oR5ASbmnr3XsF049iGaPF2SH0GVfZdI5oPc="/></File><File Name="Assets\contrast-black\AppPackageAppList.targetsize-64_altform-unplated_contrast-black.png" Size="412" LfhSize="119"><Block Hash="qJbU1f2nvrEsxQuqdPL9rVok7b0/+RCF+ExhujKRIEw="/></File><File Name="Assets\contrast-black\AppPackageAppList.targetsize-72_altform-unplated_contrast-black.png" Size="486" LfhSize="119"><Block Hash="VTnCVowymQWabj+o90weFU6/ZGjeN6Q9f8LCaByHdhE="/></File><File Name="Assets\contrast-black\AppPackageAppList.targetsize-64_contrast-black.png" Size="412" LfhSize="102"><Block Hash="qJbU1f2nvrEsxQuqdPL9rVok7b0/+RCF+ExhujKRIEw="/></File><File Name="Assets\contrast-black\AppPackageAppList.targetsize-72_contrast-black.png" Size="486" LfhSize="102"><Block Hash="VTnCVowymQWabj+o90weFU6/ZGjeN6Q9f8LCaByHdhE="/></File><File Name="Assets\contrast-black\AppPackageAppList.targetsize-80_contrast-black.png" Size="505" LfhSize="102"><Block Hash="fpvrVHixcSCKdtt3wHBRJgHRE3ftc3J59k4KP46jjsM="/></File><File Name="Assets\contrast-black\AppPackageAppList.targetsize-80_altform-unplated_contrast-black.png" Size="505" LfhSize="119"><Block Hash="fpvrVHixcSCKdtt3wHBRJgHRE3ftc3J59k4KP46jjsM="/></File><File Name="Assets\contrast-black\AppPackageAppList.targetsize-96_altform-unplated_contrast-black.png" Size="663" LfhSize="119"><Block Hash="tfeyDKMrEkkb62Co9vYTc1FYamlWdwoVObgUJ7LPQrM="/></File><File Name="Assets\contrast-black\AppPackageAppList.targetsize-96_contrast-black.png" Size="663" LfhSize="102"><Block Hash="tfeyDKMrEkkb62Co9vYTc1FYamlWdwoVObgUJ7LPQrM="/></File><File Name="Assets\contrast-black\AppPackageBadgeLogo.scale-200_contrast-black.png" Size="368" LfhSize="100"><Block Hash="+yEcoWcl9kD8LnRUME8sTaNO2zSD0wZeqMCHWIKLqec="/></File><File Name="Assets\contrast-black\AppPackageMedTile.scale-200_contrast-black.png" Size="1113" LfhSize="98"><Block Hash="0YyrGFIysOVrVhw1a38uAwBD4xxOPs0UUrwB1nxeTHo="/></File><File Name="Assets\contrast-black\AppPackageLargeTile.scale-200_contrast-black.png" Size="2522" LfhSize="100"><Block Hash="JYHWJYQZ2T5SvTCiLeQAsh0g99hsj/DFlX4drNjcujU="/></File><File Name="Assets\contrast-black\AppPackageSmallTile.scale-200_contrast-black.png" Size="636" LfhSize="100"><Block Hash="OZUofihxnlSM/ZRLk5W1D10/UOeKPg3hcQctWNUIi8I="/></File><File Name="Assets\contrast-black\AppPackageSplashScreen.scale-200_contrast-black.png" Size="3246" LfhSize="103"><Block Hash="gxwqL43wEN688Zb+lg2OSs53h8hbP2C5kl7HsWIK3vQ="/></File><File Name="Assets\contrast-black\AppPackageStoreLogo.scale-200_contrast-black.png" Size="494" LfhSize="100"><Block Hash="5cUJcGhUfqKMqydVnrUO0ASeNSE3Z8a4PL7vdBFUtw4="/></File><File Name="Assets\contrast-black\AppPackageWideTile.scale-200_contrast-black.png" Size="1330" LfhSize="99"><Block Hash="tHSojnxx3Ja8zDFr7yGRwakQXkmvF1ijH4QfHnsuCKU="/></File><File Name="Assets\contrast-black\CertOriginTrusted.png" Size="17178" LfhSize="73"><Block Hash="nB+rG61tCd//RS6osk2qwlqI3bOpKQ/D8WkZ6pz9omw="/></File><File Name="Assets\contrast-black\Shield.png" Size="296" LfhSize="62"><Block Hash="5F9peoHhy9RgRqUFl7qa8I4dgxFkfWKhdALMQYsPY+g="/></File><File Name="Assets\contrast-black\CertOriginUntrusted.png" Size="18043" LfhSize="75"><Block Hash="SC/89GHU6FO181K/f+t6xDOZ6YVun68SOFDnsUKA4+s="/></File><File Name="Assets\contrast-white\AppPackageAppList.scale-200_contrast-white.png" Size="648" LfhSize="98"><Block Hash="ZLh0ozjQLRe6vRKa6aMwTjg56EnaW7qhKFmnMVNqqTM="/></File><File Name="Assets\contrast-white\AppPackageAppList.targetsize-16_altform-unplated_contrast-white.png" Size="380" LfhSize="119"><Block Hash="29j/e3EWu1kgcaYMGPswkvXodv6A3J4O1XlVUTLqBfI="/></File><File Name="Assets\contrast-white\AppPackageAppList.targetsize-16_contrast-white.png" Size="380" LfhSize="102"><Block Hash="29j/e3EWu1kgcaYMGPswkvXodv6A3J4O1XlVUTLqBfI="/></File><File Name="Assets\contrast-white\AppPackageAppList.targetsize-20_altform-unplated_contrast-white.png" Size="411" LfhSize="119"><Block Hash="h7jTMhs8k5YUTJ/8x4/kEeWvAgsbXWC+aqrqIVeMmmY="/></File><File Name="Assets\contrast-white\AppPackageAppList.targetsize-24_altform-unplated_contrast-white.png" Size="421" LfhSize="119"><Block Hash="j/rGgJM1oW6jJq2Upowa2vKP5JAVRdUhvDvcrBJQ1po="/></File><File Name="Assets\contrast-white\AppPackageAppList.targetsize-20_contrast-white.png" Size="411" LfhSize="102"><Block Hash="h7jTMhs8k5YUTJ/8x4/kEeWvAgsbXWC+aqrqIVeMmmY="/></File><File Name="Assets\contrast-white\AppPackageAppList.targetsize-24_contrast-white.png" Size="421" LfhSize="102"><Block Hash="m+cOWw59kRQpaFoMVaoyp+hoJR5u8mXkKzl6paRgNl0="/></File><File Name="Assets\contrast-white\AppPackageAppList.targetsize-256_altform-unplated_contrast-white.png" Size="2093" LfhSize="120"><Block Hash="bh/O1fMcP1YsirautIjgmRDwMQwEjgKLvI0PzgizEio="/></File><File Name="Assets\contrast-white\AppPackageAppList.targetsize-256_contrast-white.png" Size="2093" LfhSize="103"><Block Hash="lu6hWTkNPms2qZ771RT8O6I+QsYJ2j8yD2hyWk8+aB0="/></File><File Name="Assets\contrast-white\AppPackageAppList.targetsize-30_altform-unplated_contrast-white.png" Size="477" LfhSize="119"><Block Hash="DAKjpfRgib1zyqdX2fZ4t5KGcQBL9oU8I8/tEgZUYAM="/></File><File Name="Assets\contrast-white\AppPackageAppList.targetsize-32_altform-unplated_contrast-white.png" Size="481" LfhSize="119"><Block Hash="rjjziYyUj1qSSbubUxbfDcw8MRA1ff0GjF8QjMcH4SE="/></File><File Name="Assets\contrast-white\AppPackageAppList.targetsize-30_contrast-white.png" Size="477" LfhSize="102"><Block Hash="QuJtxq8xUtCqmn6LR+LmOcg7Mkv116vBWf/h0KaiAAY="/></File><File Name="Assets\contrast-white\AppPackageAppList.targetsize-32_contrast-white.png" Size="481" LfhSize="102"><Block Hash="rjjziYyUj1qSSbubUxbfDcw8MRA1ff0GjF8QjMcH4SE="/></File><File Name="Assets\contrast-white\AppPackageAppList.targetsize-36_altform-unplated_contrast-white.png" Size="500" LfhSize="119"><Block Hash="1qipXn4kqG1uTfTRzqW6TF+Yr8SDAyT/uYmJgdf385s="/></File><File Name="Assets\contrast-white\AppPackageAppList.targetsize-36_contrast-white.png" Size="500" LfhSize="102"><Block Hash="1qipXn4kqG1uTfTRzqW6TF+Yr8SDAyT/uYmJgdf385s="/></File><File Name="Assets\contrast-white\AppPackageAppList.targetsize-40_altform-unplated_contrast-white.png" Size="525" LfhSize="119"><Block Hash="OjADJUCwiw1f3L566wanI4QQPoj6TpQjnogyqtVfsX8="/></File><File Name="Assets\contrast-white\AppPackageAppList.targetsize-48_altform-unplated_contrast-white.png" Size="585" LfhSize="119"><Block Hash="mPPcid6z5TIbJ/m1Qhm0KWNNnPZtItBobVaWOKoSrag="/></File><File Name="Assets\contrast-white\AppPackageAppList.targetsize-40_contrast-white.png" Size="525" LfhSize="102"><Block Hash="OjADJUCwiw1f3L566wanI4QQPoj6TpQjnogyqtVfsX8="/></File><File Name="Assets\contrast-white\AppPackageAppList.targetsize-48_contrast-white.png" Size="585" LfhSize="102"><Block Hash="mPPcid6z5TIbJ/m1Qhm0KWNNnPZtItBobVaWOKoSrag="/></File><File Name="Assets\contrast-white\AppPackageAppList.targetsize-60_altform-unplated_contrast-white.png" Size="643" LfhSize="119"><Block Hash="WlTnxUePy5wOgaw4peTrREx9PrHHUmsspCiv559DnPg="/></File><File Name="Assets\contrast-white\AppPackageAppList.targetsize-60_contrast-white.png" Size="643" LfhSize="102"><Block Hash="WlTnxUePy5wOgaw4peTrREx9PrHHUmsspCiv559DnPg="/></File><File Name="Assets\contrast-white\AppPackageAppList.targetsize-64_contrast-white.png" Size="623" LfhSize="102"><Block Hash="UKRNvV7nsvS2yj2Ouqef7bonpGnZy9aezGsjjHeulGA="/></File><File Name="Assets\contrast-white\AppPackageAppList.targetsize-64_altform-unplated_contrast-white.png" Size="623" LfhSize="119"><Block Hash="UcBoTklOubpjRdFO2Zo0vNprprlTEXpcV1WAztqf4rU="/></File><File Name="Assets\contrast-white\AppPackageAppList.targetsize-72_contrast-white.png" Size="677" LfhSize="102"><Block Hash="v72r8ptPCri5yV2+5SI8xY0BwBi7rprFtrJRRpTjuNo="/></File><File Name="Assets\contrast-white\AppPackageAppList.targetsize-72_altform-unplated_contrast-white.png" Size="677" LfhSize="119"><Block Hash="miGiW6epwV3prc/uA2hYGHVjmBGwwYUJiIoHwbmfcz8="/></File><File Name="Assets\contrast-white\AppPackageAppList.targetsize-80_contrast-white.png" Size="719" LfhSize="102"><Block Hash="JZW53UZ2Zqq7/0XLVkCGwkwUWNVc3tDORv8vzdvGdcs="/></File><File Name="Assets\contrast-white\AppPackageAppList.targetsize-80_altform-unplated_contrast-white.png" Size="719" LfhSize="119"><Block Hash="JZW53UZ2Zqq7/0XLVkCGwkwUWNVc3tDORv8vzdvGdcs="/></File><File Name="Assets\contrast-white\AppPackageAppList.targetsize-96_altform-unplated_contrast-white.png" Size="837" LfhSize="119"><Block Hash="NxxfES6Yl7++e3B3JxEM4AuI/ARyvLfyufcFZTAH+g8="/></File><File Name="Assets\contrast-white\AppPackageAppList.targetsize-96_contrast-white.png" Size="837" LfhSize="102"><Block Hash="NxxfES6Yl7++e3B3JxEM4AuI/ARyvLfyufcFZTAH+g8="/></File><File Name="Assets\contrast-white\AppPackageBadgeLogo.scale-200_contrast-white.png" Size="585" LfhSize="100"><Block Hash="3yPPuwLtqfKcz9zIMZf4lnV4t/muDx1+fKDs9BRWSPQ="/></File><File Name="Assets\contrast-white\AppPackageLargeTile.scale-200_contrast-white.png" Size="2566" LfhSize="100"><Block Hash="zSo/Z2hV7KL8yKQAXXfY2M8mkCbsZQSd2zwy2Sz4/V0="/></File><File Name="Assets\contrast-white\AppPackageSmallTile.scale-200_contrast-white.png" Size="794" LfhSize="100"><Block Hash="iK4lPe6WrmGDQ8zw73k7gqgcBuR2HRkR4QciosM7Ots="/></File><File Name="Assets\contrast-white\AppPackageMedTile.scale-200_contrast-white.png" Size="1179" LfhSize="98"><Block Hash="vYnM88oshSIFxhaAW5ftS8o/Y8rrcFXP0725Ay5eddA="/></File><File Name="Assets\contrast-white\AppPackageSplashScreen.scale-200_contrast-white.png" Size="3212" LfhSize="103"><Block Hash="FRHxqUCnbSvaRZD7sI4AdcSPHABxSnieQS4LbQcwsAM="/></File><File Name="Assets\contrast-white\AppPackageWideTile.scale-200_contrast-white.png" Size="1386" LfhSize="99"><Block Hash="W96jDzOGruxlm1BrKVKIzENZm6guxfMZVarvlsdvKwY="/></File><File Name="Assets\contrast-white\AppPackageStoreLogo.scale-200_contrast-white.png" Size="715" LfhSize="100"><Block Hash="9y2o98GfyOU5SAXDn193sOldIh8totg1Ws+//xsyPUA="/></File><File Name="Assets\contrast-white\CertOriginTrusted.png" Size="21256" LfhSize="73"><Block Hash="ES7Mn+JiIipdisxCT1k+Nv/Uz0/nBVns8PLZJAYPlFg="/></File><File Name="Assets\contrast-white\CertOriginUntrusted.png" Size="17743" LfhSize="75"><Block Hash="nMKqRorLQL4Djt+iblcPAIOR2oeEr5AHFn2bFkggy9s="/></File><File Name="Assets\contrast-white\Shield.png" Size="276" LfhSize="62"><Block Hash="QDo2raf3V50JZw+bmOfa/sHC4b7sxf0m7mtf0LTyUFw="/></File><File Name="Assets\FileIcons\FileLogoExtensions.targetsize-16.png" Size="284" LfhSize="83"><Block Hash="xWYC7SeWil4a8vZ5h1LNaWcGj0swaVGPgdE8rv16j8U="/></File><File Name="Assets\FileIcons\FileLogoExtensions.targetsize-24.png" Size="876" LfhSize="83"><Block Hash="8riy01kULNUALSDPa9RQ0DBhMfK1BN1UPwMFetqApgs="/></File><File Name="Assets\FileIcons\FileLogoExtensions.targetsize-20.png" Size="728" LfhSize="83"><Block Hash="Nw4a/w71m4QuC9Shc/XWexb0dVtSHl78AVEIGyNEOaE="/></File><File Name="Assets\FileIcons\FileLogoExtensions.targetsize-256.png" Size="8615" LfhSize="84"><Block Hash="5kAXOjfaoBYxYxl6Wd3VuE/lpGu9tt/ug90P463M64E="/></File><File Name="Assets\FileIcons\FileLogoExtensions.targetsize-40.png" Size="1436" LfhSize="83"><Block Hash="LYoDG/giHOyPR6wcuic8RAmhl9rG3WnOTzu8lHGChk0="/></File><File Name="Assets\FileIcons\FileLogoExtensions.targetsize-32.png" Size="1138" LfhSize="83"><Block Hash="lBp1UMk1NqZZ4chNYkJp0H85THK4+Vz9bRXQX7nuOKo="/></File><File Name="Assets\FileIcons\FileLogoExtensions.targetsize-48.png" Size="1734" LfhSize="83"><Block Hash="ht+2IxKDKK2Xy2HpLEzJsjBHotprzJp2ARIr/gzqX08="/></File><File Name="Assets\FileIcons\FileLogoExtensions.targetsize-64.png" Size="2393" LfhSize="83"><Block Hash="I9UWyPlQZMlbDnUsxE0bYTJf1E2PvfQ0BvdWQOXOQQg="/></File><File Name="Assets\Shield.png" Size="296" LfhSize="47"><Block Hash="5F9peoHhy9RgRqUFl7qa8I4dgxFkfWKhdALMQYsPY+g="/></File><File Name="AuthenticationManager.exe" Size="553472" LfhSize="55"><Block Hash="MWQOxLxkSIwkkaxQQZfcFWGggfZVC5FotGXc885xiOg=" Size="30928"/><Block Hash="ezfqyxfWfxE9JB88oMLOlrznQRf4zna99jvSZube8jY=" Size="29460"/><Block Hash="LzgBF7JlLEINpiAlWofyto5l0OljkKoXyZVz8r3c/4o=" Size="31056"/><Block Hash="DNQXC1rGTPT2l6g1Y0eXOV7V2wiSVzxljdOwjwt23is=" Size="27473"/><Block Hash="LonwS1TDFJs7hnsxXUj39nv3Yh+V7FawTztH9CDvBKg=" Size="19626"/><Block Hash="8uIwbSiGioVkdYU+ktJwu/2zju3yOS99lsHc17R5xpI=" Size="21616"/><Block Hash="ol5vrwvVnRFJ6wO5y2NQ+XAfWMkObu9k3SxzZT6HCrA=" Size="13351"/><Block Hash="GT+Q75O6mBavfDrdHCc2QZN0urqvN+a2hgwMqIMjMsM=" Size="15218"/><Block Hash="syDqfIkuB0xcLb3ZLCEOIUOV4rtQ4BPc6yNboZEFpsk=" Size="3588"/><b4:FileHash Hash="AfkRjmOx+4CCsOtGbsQnChobmkienq0/5jvTssG35mE="/></File><File Name="Microsoft.Management.Deployment.winmd" Size="17408" LfhSize="67"><Block Hash="M+ROhVdHMO3huYdRo0oGAH3ResmExC4BYiPmvaqNOPM=" Size="6702"/></File><File Name="concrt140_app.dll" Size="58248" LfhSize="47"><Block Hash="1ypDkcSFK/Twk38Y1+2/msQ0PhmGHXhWwklhXBLk3Zw=" Size="16439"/></File><File Name="Microsoft.UI.Xaml.winmd" Size="288656" LfhSize="53"><Block Hash="z8rg94OxTHAhHVrXHQogYRjyM1udICfcMfHW5XVW0TA=" Size="22705"/><Block Hash="VfRGq86XS4dL2kNw+YB8fJuRIMesWRSbzaTwfnY0oVQ=" Size="20504"/><Block Hash="8WJaHlDCOgUFgqN67cqixJZfAmtAFUFmLBlYkzyPguU=" Size="27424"/><Block Hash="1C3SW9whsP8JfOT41+z4oYwnyYzulsxDPJlh5gAjOmo=" Size="19051"/><Block Hash="4Fmz324cXMt8JJGco0QqSh+khxLrExAHcPn9eOrjjKM=" Size="9277"/><b4:FileHash Hash="5MAYIqFIFB3vclkfsFfsucjs0O+CWFpHheKKyslS3A8="/></File><File Name="msvcp140_1_app.dll" Size="19336" LfhSize="48"><Block Hash="tdN7dv4QfV0j9Ji1gs8R3Bs8RknIRO19x8LicAEHKCM=" Size="10214"/></File><File Name="msvcp140_2_app.dll" Size="21384" LfhSize="48"><Block Hash="WAyFXh5YUQIHuRVt+b2zL/vRXORAW6vLkGlCEqh5hYc=" Size="10738"/></File><File Name="msvcp140_app.dll" Size="259968" LfhSize="46"><Block Hash="hKJmewMAV8JQr1Ps04VCGhmn40SAjSzCIKBSIvOgkkQ=" Size="16631"/><Block Hash="aoxSO6LMNFBP0+0RzeXvQAy2OHkfAfRtK76MZWxTspE=" Size="4968"/><Block Hash="NniG4FMwCQb9TRaeZ/UWkhsT22EGb3MeVcdABzSw/pY=" Size="3564"/><Block Hash="dR6b4bcH0D6KPyTDwiKl3/RnYCIMQXPYtdtHq4YXg6M=" Size="11784"/><b4:FileHash Hash="0GN4CRYM4EPlUw2va5O/WWEbTeQJJ0xVuoeizvV8sgI="/></File><File Name="resources.pri" Size="107968" LfhSize="43"><Block Hash="IUIk9FElgECrvH+BVEWeFq4qwThZ7zY7JatPFsiibM0=" Size="24588"/><Block Hash="98eMZuvGC60fSGVp5n7g8uGRLZo/YZugKjtfyGX3kIg=" Size="11177"/><b4:FileHash Hash="ckZIcg9pxhP2t1sqCZX8UyQ0LcMPnyxUIfdRmSaI8C8="/></File><File Name="vcamp140_app.dll" Size="46984" LfhSize="46"><Block Hash="4yQgyfMEagES/V+0dAGXhWXbK8rZWFe+ekvIPwX3qm8=" Size="14325"/></File><File Name="vccorlib140_app.dll" Size="51080" LfhSize="49"><Block Hash="51itr+cOSKT3mxm2wgE+NXFEFQVLaz7mcuuRtY6R9sg=" Size="15528"/></File><File Name="vcomp140_app.dll" Size="25480" LfhSize="46"><Block Hash="5u8kK2iykaHYR1q9S7hUjdu8fU+6fJu1Ee8ukgKLbIQ=" Size="11742"/></File><File Name="vcruntime140_1_app.dll" Size="18824" LfhSize="52"><Block Hash="Lv6UCq4Kxw4R2u7sWiAKJKo9II5Vi8GBCdhaK5ehb24=" Size="10089"/></File><File Name="vcruntime140_app.dll" Size="22920" LfhSize="50"><Block Hash="jaD7DXScRN6Cfe4X+tmPRzucZvQp+6yue7KtHAFmyyw=" Size="11369"/></File><File Name="WindowsPackageManager.dll" Size="3442176" LfhSize="55"><Block Hash="oWHV7cjmTyo1yYeNpRTRZXEJ/kt6Rhk6M0miGQxazpk=" Size="31879"/><Block Hash="veFks1iNtkDAScGRWRReslfBbbU6R3ZD7FCt6FWILso=" Size="30474"/><Block Hash="I4OvdC9UBEMpmZ0QA3sZTL1wBt4kyR//0r9HcQVmhtY=" Size="29373"/><Block Hash="o9q32iXG3i0WH1w05cgb8WO7IA0VTGOrnOxpLaT2tt4=" Size="29028"/><Block Hash="3h9Rb55+0wavjG/ryf3/BpErKpm/SRtOG3436PAkT70=" Size="30414"/><Block Hash="/b1m4fi2JlZcDQaPw1Xfr7VH9+oFf57y77T5aFlQusU=" Size="30634"/><Block Hash="E0X3BN166rjyna5HsMn6pVyYhtsWAuv3zfShOaV/IVM=" Size="32086"/><Block Hash="tkNnBoMm1sXTsrlfiZhZibne2DqqcCB20NpJVTx5rvs=" Size="29565"/><Block Hash="9m+D3Oe2PCRxaquA64C4lZnmGVlTIBc4yINTZQ51bjY=" Size="29697"/><Block Hash="Ab1BlxBUEFGwkW94oYpmnUpZe5vtSAEJue2DCxFgbAk=" Size="27204"/><Block Hash="+wiD2NgPSjLzT5EzFUdt0gOuKB3hXzEopIDIa+8Nahc=" Size="32011"/><Block Hash="G06Fl5MMrQGxN4kbmfP3bqfSI7qwntbhJi+m4vbm3zo=" Size="34515"/><Block Hash="AnOdcZNbAmGEPcgOnujhDiRtffkajqUCPedmoB3L31E=" Size="27611"/><Block Hash="+jCyCCCiLrxSXJrivMZjY0n+yDzIen1lHgYELdsOonI=" Size="31766"/><Block Hash="W7w698nEu/NC0Ch+/R4AOT7CSC86EiRtWW3hf5eL05g=" Size="31562"/><Block Hash="aEbgibGTR2hnbxNEK1IwxWXqW8SJB3GCemIcFOzbjTQ=" Size="26391"/><Block Hash="TsGYRjmQp3qNnlERUBVWa8ko+5gtCCXhG1fd1I2pQZY=" Size="31674"/><Block Hash="S7ZSlEQ+1ReHqlvZtXPfp2BTpIG4pEuPvJKs2+F7B0k=" Size="30837"/><Block Hash="HRWglPJOt28vUgS622XZ8Kzjwjyii+6oYR88MQbBOj8=" Size="31092"/><Block Hash="omRJNHBmBWWHsLPX9/qCtrA+kQBTYI3UXFwYeN6+/Gg=" Size="19404"/><Block Hash="VtSLTvNHk4/tmox9dwbb+DDoGNmbiK6aoSXmKLuRK/Q=" Size="29296"/><Block Hash="1sn4z63Zu8dwxCbb024b7P7oYg2z8p7wFPAA6CvmlE8=" Size="32362"/><Block Hash="f2gD5OAHmLto8rA9HnC6r9c9xjXPrbqcCLLvXAXrvw8=" Size="30309"/><Block Hash="i1Jcysugl7px2zhcx3AW9z5+SRvqWAGDVcrqUdG0DaY=" Size="28755"/><Block Hash="mrb3MZfUDb9w1ejz+wYurS9ry/+QbMHpguuinLZ3YDE=" Size="32064"/><Block Hash="LoIt8gnyByyVvpJ2LJ5zubHy3q11LSXOFQUUHlRnkAg=" Size="32352"/><Block Hash="IRd88WnmgP0HAuxaUvjBWscRVb47Hl+r6txihFSzCao=" Size="28111"/><Block Hash="qM4rqrunuSQsiNC9nnAUVWKZ+6qIKE4xx9xs7tgBP/M=" Size="25567"/><Block Hash="/yAxjYeS8UNYpKKX9Mx2lgsnlU0eeMiLDd0BWiuQay4=" Size="26418"/><Block Hash="Eu9KW3gUjyPuR7AL4ffMElxCqPJF1SF+NkF3+pexnp4=" Size="27068"/><Block Hash="iuuHhViNtAd8uiYb4W6YuUFwTvHHC7qEZVQxjO2kBEQ=" Size="30386"/><Block Hash="cm9isXxDDr24VMmLy6GTnGpxYW2EMlZtdcbKLlwrP1A=" Size="26903"/><Block Hash="xeebfyMclkhTNHLe+qIyCy7V97TqXoUk5LFUuSs2mQM=" Size="23216"/><Block Hash="xYqWBGrZ+E0XagjAXonBNSYl3xVg6tTDrNg677iTikQ=" Size="22464"/><Block Hash="aJ3qFqmVGESfgXV4DaC6ngqbSDTmG3zc2MJCHoivdug=" Size="22251"/><Block Hash="0pPUxjofb9PvyPGpeDw5eOAf8mtpwiuwwGtVv+SA4TQ=" Size="17686"/><Block Hash="av1K4UNGmSgbXk7ts5EbQ/0QZHL2H1ECunSpZ94xdsk=" Size="18737"/><Block Hash="vo8TcxQS58uPK3QOkLX5Mnjf4fH+wWGOOaGY1Ry/fnw=" Size="15953"/><Block Hash="YAHPLRhq9TKyFEzl4hjfnxA+lUXWSp43YPag+Dp0GqM=" Size="10099"/><Block Hash="0nXmWp/jyCnoAYgUNph/gh5e+fUG/xXVnQrLqZ3bXq4=" Size="10959"/><Block Hash="9VafjWxbZIFnRZVtcTNCvv7rcBiFzeyQoWoNs4hfsFw=" Size="28408"/><Block Hash="wq7xzvt3smOJwHuMbOGgwtmrzGvXdWiuKcmXD0nVRjw=" Size="35505"/><Block Hash="kvj8+JoGng+uN18pZI6eiqM4ss9JPyIAoSBoun7JdVU=" Size="35067"/><Block Hash="xekY2quHzWZGv2ddFYLjoof6Cn8uQqrv3yyypvv18pc=" Size="32584"/><Block Hash="QZ2s6EEIv8OFCTgU51G2gscy7AEaYocNeUWea6oOxA0=" Size="15461"/><Block Hash="9LbH5Co3gmEZcZZxIjsnYIsOYFeukRo/eTYLEneIpJ4=" Size="3354"/><Block Hash="QKoNg9GaH1OfFyXy5hHp7zHT2fulcV2yTnhOzuZ8wU8=" Size="3210"/><Block Hash="DzWoHqH+HWxJEZD60MLNwxDvQ9sEaWqg/x40Q0Ld1rM=" Size="4361"/><Block Hash="PDs/GsP4WdwPIzP/4wasA/B6euDhfwoO28pkbgxNY1A=" Size="7525"/><Block Hash="rY6kW4FntpC2JueMl69O1A8hjsmCWe1Z40dIf2oAJQI=" Size="33193"/><Block Hash="AzbmbwQeAA+AtBGWWl43CZajCqiTB1+FRAp+40D0vhg=" Size="17340"/><Block Hash="Z1av41yr40G6heye/3ojGAbX+LZ9IAJG7mZn2ywYICk=" Size="5022"/><Block Hash="UZ+YvWEpqjrzRkkXt8aCYsQp4j4fTgrcf5oyM1bidIg=" Size="7704"/><b4:FileHash Hash="aw7V3xzFkIXvd7ZZLs1tIx7U7M1CBqLKhO4YoKWPxEI="/></File><File Name="WindowsPackageManagerServer.exe" Size="38400" LfhSize="61"><Block Hash="O6XXI9DkJSDDJwsg/Zqrby2I8cIZ5yff4oyAhejgmyk=" Size="17433"/></File><File Name="winget.exe" Size="12288" LfhSize="40"><Block Hash="DqYSUq3JsiLuUEvB88xuAMR07HXy98xBqAfGvM1xnrE=" Size="5185"/></File><File Name="XSD\AppInstallerUXSchema.xsd" Size="4368" LfhSize="58"><Block Hash="yeGWg5910KVvSZPV1e5eEBcFLa9c0vUaWvsgmWC5H34=" Size="780"/></File><File Name="XSD\AppInstallerUXTypesSchema.xsd" Size="3745" LfhSize="63"><Block Hash="QLlvSc4dBZELaQOLZ+OTWtWIyKCVLvoMvQZAw4X4XM0=" Size="820"/></File><File Name="AppxManifest.xml" Size="11635" LfhSize="46"><Block Hash="nDoqh8Fke6ORypZe/xMTXlQE8PVZiplKDbwJnRX7MVA=" Size="2832"/></File></BlockMap>